{
  "project_info": {
    "project_number": "122708270421",
    "project_id": "mobileotpverification-14f66",
    "storage_bucket": "mobileotpverification-14f66.appspot.com"
  },
  "client": [
    {
      "client_info": {
        "mobilesdk_app_id": "1:122708270421:android:d14f2ad3511b1f76db63dc",
        "android_client_info": {
          "package_name": "com.example.mobileotpapp"
        }
      },
      "oauth_client": [],
      "api_key": [
        {
          "current_key": "AIzaSyDq-v2NcaCRr7a2sqkaMXJ4bcyVmQiZaHE"
        }
      ],
      "services": {
        "appinvite_service": {
          "other_platform_oauth_client": []
        }
      }
    }
  ],
  "configuration_version": "1"
}